﻿<?xml version="1.0" encoding="utf-8" ?>
<Enemy>
  <Name>Bat</Name>
  <Stats>
    <Health>80</Health>
    <MaxHealth>80</MaxHealth>
    <ATK>3</ATK>
    <DEF>80</DEF>
    <ACC>90</ACC>
    <EVA>18</EVA>
    <MoveSpeed>140</MoveSpeed>
  </Stats>
  <Image>
    <Path>Gameplay/Sprites/bat</Path>
    <Effects>SpriteSheetEffect</Effects>
    <SpriteSheetEffect>
      <AmountOfFrames>
        <X>5</X>
        <Y>44</Y>
      </AmountOfFrames>
    </SpriteSheetEffect>
  </Image>
  <BehaviourSet>3</BehaviourSet>
  <BehaviourSet>3</BehaviourSet>
  <BehaviourSet>3</BehaviourSet>
  <BehaviourSet>3</BehaviourSet>
</Enemy>