﻿<?xml version="1.0" encoding="utf-8" ?>
<Enemy>
  <Name>Crab</Name>
  <Stats>
   <Health>20</Health>
    <MaxHealth>80</MaxHealth>
    <ATK>2</ATK>
    <DEF>100</DEF>
    <ACC>90</ACC>
    <EVA>20</EVA>
    <MoveSpeed>60</MoveSpeed>
  </Stats>
  <Image>
    <Path>Gameplay/Sprites/crab</Path>
    <Effects>SpriteSheetEffect</Effects>
    <SpriteSheetEffect>
      <AmountOfFrames>
        <X>5</X>
        <Y>44</Y>
      </AmountOfFrames>
    </SpriteSheetEffect>
  </Image>
  <BehaviourSet>2</BehaviourSet>
  <BehaviourSet>2</BehaviourSet>
  <BehaviourSet>2</BehaviourSet>
  <BehaviourSet>2</BehaviourSet>
</Enemy>