﻿<?xml version="1.0" encoding="utf-8" ?>
<Menu>
  <Axis>Y</Axis>
  <Effects>FadeEffect</Effects>
  
  <Item>
    <Image>
      <Text>New Game</Text>
    </Image>
    <LinkType>Screen</LinkType>
    <LinkID>GameplayScreen</LinkID>
  </Item>
  
  <Item>
    <Image>
      <Text>Generate World Map</Text>
    </Image>
    <LinkType>Screen</LinkType>
    <LinkID>WorldScreen</LinkID>
  </Item>
  <Item>
    <Image>
      <Text>Mass-Generate Dungeons</Text>
    </Image>
    <LinkType>Screen</LinkType>
    <LinkID>DungeonMassProductionScreen</LinkID>
  </Item>

  <Item>
    <Image>
      <Text>TEST MENU</Text>
    </Image>
    <LinkType>Menu</LinkType>
    <LinkID>Load/Menus/TestMenu.xml</LinkID>
  </Item>
  <Item>
    <Image>
      <Text>Credits</Text>
    </Image>
  </Item>
  <Item>
    <Image>
      <Text>Quit</Text>
    <LinkType>Screen</LinkType>
    <LinkID>QuitScreen</LinkID>
    </Image>
  </Item>
</Menu>