﻿<?xml version="1.0" encoding="utf-8" ?>
<Menu>
  <Axis>Y</Axis>
  <Effects>FadeEffect</Effects>
  
  
  <Background>
    <Path>VillageScreen/Village Placeholder</Path>
  </Background>
  <HasBackground>true</HasBackground>
  
  <HasTitle>true</HasTitle>
  <Title>
    <Text>*</Text>
    <Position>
      <X>50</X>
      <Y>30</Y>
    </Position>
  </Title>
  
  <Item>
    <Image>
      <Text>Stay the night in # (Cost: 10 Gold)</Text>
    </Image>
    <LinkType>Conditional Stat and Menu</LinkType>
    
    <Condition>
      <StatToMeasure>Gold</StatToMeasure>
      <MustBeAbove>10</MustBeAbove>
    </Condition>

    <LinkIDifConditionMet>Load/Menus/VillageInnSleep.xml</LinkIDifConditionMet>

    <SuccessStatChange>
      <QuickFix>true</QuickFix>
      <StatToChange>Gold</StatToChange>
      <Impact>-10</Impact>
    </SuccessStatChange>
    
    <SuccessStatChange>
      <QuickFix>true</QuickFix>
      <StatToChange>HP</StatToChange>
      <Impact>100</Impact>
    </SuccessStatChange>

    <LinkIDifConditionFail>Load/Menus/VillageInnFail.xml</LinkIDifConditionFail>
    
  </Item>
  
  <Item>
    <Image>
      <Text>Exit to Village</Text>
    </Image>
    <LinkType>Menu</LinkType>
    <LinkID>Load/Menus/VillageMenu.xml</LinkID>
  </Item>
</Menu>