﻿<?xml version="1.0" encoding="utf-8" ?>
<Menu>
  <Axis>Y</Axis>
  <Effects>FadeEffect</Effects>
  <Background>
    <Path>VillageScreen/Village Placeholder</Path>
  </Background>
  <HasBackground>true</HasBackground>
  <HasTitle>true</HasTitle>
  <Title>
    <Text>#</Text>

    <Position>
      <X>50</X>
      <Y>30</Y>
    </Position>

  </Title>

  <Item>
    <Image>
      <Text>Stay at *</Text>
    </Image>
    <LinkType>Menu</LinkType>
    <LinkID>Load/Menus/VillageInnMenu.xml</LinkID>
  </Item>

  <Item>
    <Image>
      <Text>Pray at the Temple to ^</Text>
    </Image>
    <LinkType>Menu</LinkType>
    <LinkID>Load/Menus/VillageTempleMenu.xml</LinkID>
  </Item>

  <Item>
    <Image>
      <Text>Exit to World Map</Text>
    </Image>
    <LinkType>Screen</LinkType>
    <LinkID>WorldScreen</LinkID>
  </Item>
</Menu>