﻿<?xml version="1.0" encoding="utf-8" ?>
<Menu>
  <Axis>Y</Axis>
  <Effects>FadeEffect</Effects>
  
  
  
  <HasBackground>false</HasBackground>
  
  <HasTitle>true</HasTitle>
  <Title>
    <Text>You spend the night, and feel reinvigorated. Health Restored.
    </Text>
    <Position>
      <X>50</X>
      <Y>30</Y>
    </Position>
  </Title>
  
  
  <Item>
    <Image>
      <Text>Get out of Bed!</Text>
    </Image>
    <LinkType>Menu</LinkType>
    <LinkID>Load/Menus/VillageMenu.xml</LinkID>
  </Item>
</Menu>