﻿<?xml version="1.0" encoding="utf-8" ?>
<Menu>
  <Axis>Y</Axis>
  <Effects>FadeEffect</Effects>
  <Background>
    <Path>VillageScreen/Village Placeholder</Path>
  </Background>
  <HasBackground>true</HasBackground>
  
  <HasTitle>true</HasTitle>
  <Title>
    <Text>^:   May your feet never tire, may your soul be as iron, may your blade be as fire...(% up)</Text>
    <Position>
      <X>50</X>
      <Y>30</Y>
    </Position>
  </Title>
  
 
  
  
  
  <Item>
    <Image>
      <Text>Exit to Village</Text>
    </Image>
    <LinkType>Menu</LinkType>
    <LinkID>Load/Menus/VillageMenu.xml</LinkID>
  </Item>
</Menu>