﻿<?xml version="1.0" encoding="utf-8" ?>
<Menu>
  <Axis>Y</Axis>
  <Effects>FadeEffect</Effects>
  <Background>
    <Path>VillageScreen/Village Placeholder</Path>
  </Background>
  <HasBackground>true</HasBackground>
  
  <HasTitle>true</HasTitle>
  <Title>
    <Text>Temple of ^</Text>
    <Position>
      <X>50</X>
      <Y>30</Y>
    </Position>
  </Title>
  
  <Item>
    <Image>
      <Text>Pray before ^ (Donation of 3 Gold Advised)</Text>
    </Image>
    <LinkType>Conditional Stat and Menu</LinkType>

    <Condition>
      <StatToMeasure>Gold</StatToMeasure>
      <MustBeAbove>3</MustBeAbove>
    </Condition>
    
    <LinkIDifConditionMet>Load/Menus/VillageTempleBlessing.xml</LinkIDifConditionMet>
    <SuccessStatChange>
      <StatToChange>Gold</StatToChange>
      <Impact>-3</Impact>
      <QuickFix>true</QuickFix>
    </SuccessStatChange>
    <SuccessStatChange>
      <StatToChange>%</StatToChange>
      <Impact>10</Impact>
      <QuickFix>false</QuickFix>
      <Longevity>1</Longevity>
    </SuccessStatChange>

    <LinkIDifConditionFail>Load/Menus/VillageTempleCurse.xml</LinkIDifConditionFail>
    <FailStatChange>
      <StatToChange>%</StatToChange>
      <Impact>-4</Impact>
      <QuickFix>false</QuickFix>
      <Longevity>2</Longevity>
    </FailStatChange>
  </Item>
  
  <Item>
    <Image>
      <Text>Info on ^</Text>
    </Image>
    <LinkType>Menu</LinkType>
    <LinkID>Load/Menus/VillageTempleInfo.xml</LinkID>
  </Item>
  
  <Item>
    <Image>
      <Text>Exit to Village</Text>
    </Image>
    <LinkType>Menu</LinkType>
    <LinkID>Load/Menus/VillageMenu.xml</LinkID>
  </Item>
</Menu>