﻿<?xml version="1.0" encoding="utf-8" ?>
<Menu>
  <Axis>Y</Axis>
  <Effects>FadeEffect</Effects>
  
  <HasBackground>false</HasBackground>
  
  <HasTitle>true</HasTitle>
  <Title>
    <Text>Oh, how embarrassing. You only have £ gold with you!</Text>
    <Position>
      <X>50</X>
      <Y>30</Y>
    </Position>
  </Title>
  
  <Item>
    <Image>
      <Text>Back</Text>
    </Image>
    <LinkType>Menu</LinkType>
    <LinkID>Load/Menus/VillageInnMenu.xml</LinkID>
  </Item>
</Menu>