﻿<?xml version="1.0" encoding="utf-8" ?>
<Menu>
  <Axis>Y</Axis>
  <Effects>FadeEffect</Effects>
  <Background>
    <Path>VillageScreen/Village Placeholder</Path>
  </Background>
  <HasBackground>true</HasBackground>

  <HasTitle>true</HasTitle>
  <Title>
    <Text>^:   How dare you desecrate my temple with your selfishness! No Donation?! (% Down)</Text>
    <Position>
      <X>50</X>
      <Y>30</Y>
    </Position>
  </Title>





  <Item>
    <Image>
      <Text>Have Mercy, o ^ ...</Text>
    </Image>
    <LinkType>Menu</LinkType>
    <LinkID>Load/Menus/VillageMenu.xml</LinkID>
  </Item>
</Menu>