﻿<?xml version="1.0" encoding="utf-8" ?>
<ObjectTileSet>
  <Image>
    <Path>Gameplay/TileSheets/Cave_Objects</Path>
    <Scale>
      <X>1</X>
      <Y>1</Y>
    </Scale>
  </Image>
  <Name>Cave_Objects</Name>
  
  <RowSchema>
    <Dimensions>
      <X>1</X>
      <Y>1</Y>
    </Dimensions>
    <Instances>4</Instances>
    <CanClimbInto>false</CanClimbInto>
    <Opaque>false</Opaque>
    <Destructible>true</Destructible>
    <Traversable>false</Traversable>
  </RowSchema>
  <RowSchema>
    <Dimensions>
      <X>1</X>
      <Y>1</Y>
    </Dimensions>
    <Instances>3</Instances>
    <CanClimbInto>false</CanClimbInto>
    <Opaque>true</Opaque>
    <Destructible>true</Destructible>
    <Traversable>false</Traversable>
  </RowSchema>
  <RowSchema>
    <Dimensions>
      <X>2</X>
      <Y>2</Y>
    </Dimensions>
    <Instances>1</Instances>
    <CanClimbInto>false</CanClimbInto>
    <Opaque>true</Opaque>
    <Destructible>false</Destructible>
    <Traversable>false</Traversable>
  </RowSchema>
  <RowSchema>
    <Dimensions>
      <X>1</X>
      <Y>3</Y>
    </Dimensions>
    <Instances>2</Instances>
    <CanClimbInto>false</CanClimbInto>
    <Opaque>true</Opaque>
    <Destructible>true</Destructible>
    <Traversable>false</Traversable>
  </RowSchema>
  <TileDimensions>
    <X>32</X>
    <Y>32</Y>
  </TileDimensions>
</ObjectTileSet>