﻿<?xml version="1.0" encoding="utf-8" ?>
<TileSet>
  <Image>
    <Path>Gameplay/TileSheets/Grass_Floors</Path>
    <Scale>
      <X>1</X>
      <Y>1</Y>
    </Scale>
  </Image>
  <Name>Grass_Floors</Name>
  <Schema>
    <TileTheme>
      <BaseTile_HasAlternate>true</BaseTile_HasAlternate>
      <BaseTile_NumAlternates>4</BaseTile_NumAlternates>
    </TileTheme>
    <TileTheme>
      <BaseTile_HasAlternate>false</BaseTile_HasAlternate>
      <BaseTile_NumAlternates>0</BaseTile_NumAlternates>
    </TileTheme>
    <TileTheme>
      <BaseTile_HasAlternate>true</BaseTile_HasAlternate>
      <BaseTile_NumAlternates>3</BaseTile_NumAlternates>
    </TileTheme>
    <TileTheme>
      <BaseTile_HasAlternate>true</BaseTile_HasAlternate>
      <BaseTile_NumAlternates>4</BaseTile_NumAlternates>
    </TileTheme>
    <TileTheme>
      <BaseTile_HasAlternate>true</BaseTile_HasAlternate>
      <BaseTile_NumAlternates>2</BaseTile_NumAlternates>
    </TileTheme>
    <TileTheme>
      <BaseTile_HasAlternate>false</BaseTile_HasAlternate>
      <BaseTile_NumAlternates>0</BaseTile_NumAlternates>
    </TileTheme>
    <TileTheme>
      <BaseTile_HasAlternate>true</BaseTile_HasAlternate>
      <BaseTile_NumAlternates>4</BaseTile_NumAlternates>
    </TileTheme>
  </Schema>
  <TileDimensions>
    <X>32</X>
    <Y>32</Y>
  </TileDimensions>
</TileSet>
