﻿<?xml version="1.0" encoding="utf-8" ?>
<Data>
  <Adj>amɸlabros</Adj>
  <Adj>argyos</Adj>
  <Adj>bānos</Adj>
  <Adj>berxtos</Adj>
  <Adj>bikkos</Adj>
  <Adj>birros</Adj>
  <Adj>biwos</Adj>
  <Adj>bodaros</Adj>
  <Adj>bodyos</Adj>
  <Adj>buggos</Adj>
  <Adj>dagos</Adj>
  <Adj>dallos</Adj>
  <Adj>dekametos</Adj>
  <Adj>ɸlabros</Adj>
  <Adj>ɸlānos</Adj>
  <Adj>ɸriyos</Adj>
  <Adj>swerwos</Adj>
  <Adj>tritiyos</Adj>
  <Adj>towissākos</Adj>
  <Adj>wissos</Adj>
  <Adj>wēdus</Adj>
  <Adj>swādus</Adj>
  <Adj>kowaris</Adj>
  <Adj>dearg</Adj>
  <Adj>buī</Adj>
  <Adj>gorm</Adj>
  <Adj>glas</Adj>
  <Adj>don</Adj>
  <Adj>bāndearg</Adj>
  <Adj>flannbhuī</Adj>
  <Adj>liath</Adj>
  <Adj>corcra</Adj>
  <Adj>bānchorca</Adj>
  <Adj>bānbhuī</Adj>
</Data>
