﻿<?xml version="1.0" encoding="utf-8" ?>
<Data>
  <Deity Name="Morrigan" Ward="War" Buff="ATK" Gender="F">The Shapeshfting Goddess of War, famous for her trailing Crow companions.</Deity>
  <Deity Name="Danu" Ward="Wind, Wisdom and Fertility" Buff="EVA" Gender="F">The Mother God that brought most of the other Celtic Gods into being.</Deity>
  <Deity Name="Dagda" Ward="Banquets" Buff="DEF" Gender="M">The portly God of Life, Death, Banquets and Magic, with an everlasting cauldron of food and a Boar that never stops roasting.</Deity>
  <Deity Name="Brigit" Ward="Martial Arts" Buff="ACC" Gender="F">Daughter of Dagda. Hugely popular, and also known for her association with poetry and healing.</Deity>
  <Deity Name="Arawn" Ward="Underworld" Buff="ATK" Gender="M">Dour, grey-cloaked god who tracks down loast souls with his hellhounds.</Deity>
  <Deity Name="Lugh" Ward="Crafts" Buff="ACC" Gender="M">Cast out to sea by his father, but rescued by another God, and brought up by the Great Smith.</Deity>
  <Deity Name="Cernunnos" Ward="Animals, Life" Buff="SPD" Gender="?">The Horned King of the Forest, usually depicted as a great Stag.</Deity>
</Data>