﻿<?xml version="1.0" encoding="utf-8" ?>
<Data>
  <Place Env="Grass">Valley</Place>
  <Place Env="Grass">Meadows</Place>
  <Place Env="Grass">Plains</Place>
  <Place Env="Grass">Hill</Place>
  <Place Env="Grass">Meadow</Place>
  <Place Env="Grass">Pass</Place>
  <Place Env="Grass">Cairn</Place>
  <Place Env="Grass">Hollow</Place>
  
  <Place Env="Cave">Cave</Place>
  <Place Env="Cave">Cove</Place>
  <Place Env="Cave">Crypt</Place>
  <Place Env="Cave">Tunnel</Place>
  <Place Env="Cave">Depths</Place>
  <Place Env="Cave">Barrow</Place>
  <Place Env="Cave">Mines</Place>
  <Place Env="Cave">Grotto</Place>
  <Place Env="Cave">Hollow</Place>
  
  <Place Env="Forest">Woods</Place>
  <Place Env="Forest">Wood</Place>
  <Place Env="Forest">Forest</Place>
  <Place Env="Forest">Glade</Place>
  <Place Env="Forest">Thicket</Place>
  <Place Env="Forest">Backwoods</Place>
  <Place Env="Forest">Grove</Place>
  
  <Place Env="Desert">Desert</Place>

  <Place Env="Plains">Plains</Place>
  <Place Env="Plains">Wastes</Place>
  <Place Env="Plains">Borderlands</Place>
  <Place Env="Plains">Plateau</Place>
  <Place Env="Plains">Moor</Place>
  <Place Env="Plains">Levels</Place>
 


</Data>
