﻿<?xml version="1.0" encoding="utf-8" ?>
<Data>
  <Adj>Haunted ^</Adj>
  <Adj>The Hundred-Year ^</Adj>
  <Adj>Deep ^</Adj>
  <Adj>Witch's ^</Adj>
  <Adj>Druid's ^</Adj>
  <Adj>Huntsman's ^</Adj>
  <Adj>Raider's ^</Adj>
  <Adj>*'s ^</Adj>
  <Adj>The ^ of *</Adj>
  <Adj>Acorn ^</Adj>
  <Adj>Midnight ^</Adj>
  <Adj>Ancient ^</Adj>
  <Adj>Autumn ^</Adj>
  <Adj>Grave ^</Adj>
  <Adj>% ^</Adj>
  <Adj>the ^ of %</Adj>
  <Adj>Grit ^</Adj>
  <Adj>Spike ^</Adj>
  <Adj>Soul ^</Adj>
  <Adj>Will 'o Wisp ^</Adj>
  <Adj>Iron ^</Adj>
  <Adj>The Chief's ^</Adj>
  <Adj>Ragged ^</Adj>
  <Adj>Darkness</Adj>
  <Adj>Light</Adj>
  <Adj>Red ^</Adj>
  <Adj>Blue ^</Adj>
  <Adj>Green ^</Adj>
  <Adj>Yellow ^</Adj>
  <Adj>Orange ^</Adj>
  <Adj>Dark ^</Adj>
  <Adj>Black ^</Adj>
  <Adj>White ^</Adj>
  <Adj>Purple ^</Adj>
  <Adj>Navy ^</Adj>
  <Adj>Sharp ^</Adj>
  <Adj>Quiet ^</Adj>
  <Adj>Ceaseless ^</Adj>
  <Adj>Forgotten ^</Adj>
</Data>