﻿<?xml version="1.0" encoding="utf-8" ?>
<Data>
  <Name>The Selkie</Name>
  <Name>Kildare's</Name>
  <Name>The Butcher's Arms</Name>
  <Name>The Carpenter's Arms</Name>
  <Name>The Star</Name>
  <Name>The Fox and Hounds</Name>
  <Name>The Dog and Duck</Name>
  <Name>The Stag</Name>
  <Name>The Drunken Huntsman</Name>
  <Name>The White Hart</Name>
  <Name>The Eagle and Child</Name>
  <Name>The Spread Eagle</Name>
  <Name>The Fisherman's Head</Name>
  <Name>The Cradle of Magog</Name>
  <Name>The Magpie</Name>
  <Name>Macha's Stables</Name>
  <Name>The Mauthe Doog</Name>
  <Name>The Water Fairy</Name>
  <Name>The Mermaid's Call</Name>
  <Name>The Malt Shovel</Name>
  <Name>Barge Inn</Name>
  <Name>Dew Drop Inn</Name>
  <Name>The Quiet Woman</Name>
  <Name>Letters Inn</Name>
  <Name>The Griffin Pond</Name>
  <Name>The Four Candles</Name>
  <Name>The Cross Woads</Name>
  <Name>The Pict Stop</Name>
  <Name>The Torc of the Town</Name>
  <Name>The Chieftain's Gaul</Name>
  <Name>The Rabbit and the Graveyard</Name>
  <Name>The Cherry Pict</Name>
  <Name>The Bard Rock Cafe</Name>
  <Name>The Druid's Head</Name>
  <Name>Dagdha's Cauldron</Name>
  <Name></Name>
</Data>