﻿<?xml version="1.0" encoding="utf-8" ?>
<InfoPanel>
  <BorderCorners>
    <Path>Gameplay/UI/Corners</Path>
  </BorderCorners>
  <BorderEdges>
    <Path>Gameplay/UI/Edges</Path>
  </BorderEdges>
  <Background>
    <Path>Gameplay/UI/Scroll Background</Path>
  </Background>
  <VillageScene>
    <Path>Gameplay/UI/VillageScene</Path>
    <Position>
      <X>29</X>
      <Y>340</Y>
    </Position>
  </VillageScene>
  <DungeonScene>
    <Path>Gameplay/UI/DungeonScene</Path>
    <Position>
      <X>26</X>
      <Y>340</Y>
    </Position>
  </DungeonScene>
</InfoPanel>