﻿<?xml version="1.0" encoding="utf-8" ?>
<Player>
  <Stats>
    <Health>100</Health>
    <MaxHealth>100</MaxHealth>
    <ATK>15</ATK>
    <DEF>100</DEF>
    <ACC>95</ACC>
    <EVA>3</EVA>
    <MoveSpeed>100</MoveSpeed>
    <Gold>50</Gold>
  </Stats>
  <Image>
    <Path>Gameplay/Sprites/avatar red</Path>
    <Effects>SpriteSheetEffect</Effects>
    <SpriteSheetEffect>
      <AmountOfFrames>
        <X>4</X>
        <Y>44</Y>
      </AmountOfFrames>
    </SpriteSheetEffect>
    
  </Image>
</Player>