﻿<?xml version="1.0" encoding="utf-8" ?> 
<SuspicionBar>
  <Foreground>
    <Path>Gameplay/UI/SuspicionBar</Path>
    <Position>
      <X>610</X>
      <Y>280</Y>
    </Position>
    <Scale>
      <X>0.3</X>
      <Y>0.3</Y>
    </Scale>
  </Foreground>
  <Background>
    <Path>Gameplay/UI/SuspicionBar_Background</Path>
    <Position>
      <X>610</X>
      <Y>280</Y>
    </Position>
    <Scale>
      <X>0.3</X>
      <Y>0.3</Y>
    </Scale>
  </Background>
  <LevelIcon>
    <Path>Gameplay/UI/AlertIcon_0</Path>
    <Position>
      <X>609</X>
      <Y>245</Y>
    </Position>
    <Scale>
      <X>0.25</X>
      <Y>0.25</Y>
    </Scale>
  </LevelIcon>
  <LevelIcon>
    <Path>Gameplay/UI/AlertIcon_1</Path>
    <Position>
      <X>609</X>
      <Y>245</Y>
    </Position>
    <Scale>
      <X>0.25</X>
      <Y>0.25</Y>
    </Scale>
  </LevelIcon>
<LevelIcon>
    <Path>Gameplay/UI/AlertIcon_2</Path>
    <Position>
      <X>609</X>
      <Y>245</Y>
    </Position>
    <Scale>
      <X>0.25</X>
      <Y>0.25</Y>
    </Scale>
  </LevelIcon>
<LevelIcon>
    <Path>Gameplay/UI/AlertIcon_3</Path>
    <Position>
      <X>609</X>
      <Y>245</Y>
    </Position>
    <Scale>
      <X>0.25</X>
      <Y>0.25</Y>
    </Scale>
  </LevelIcon>

</SuspicionBar>
