﻿<?xml version="1.0" encoding="utf-8" ?>
<Map>
  <TileDimensions>
    <X>32</X>
    <Y>32</Y>
  </TileDimensions>
  <Layer>
    <Size>
      <X>42</X>
      <Y>40</Y>
    </Size>
    <TileDimensions>
      <X>32</X>
      <Y>32</Y>
    </TileDimensions>
    <TileSet>
      <Image>
        <Path>Gameplay/TileSheets/Overworld</Path>
      </Image>
      <TileDimensions>
        <X>32</X>
        <Y>32</Y>
      </TileDimensions>
    </TileSet>
    <TileMap>
      <Column>[1:0][1:0][1:0][1:0][1:0][1:0][1:0][1:0][1:0][1:0][1:0][1:0][1:0][1:0][1:0][1:0][1:0][1:0][1:0][1:0][1:0][1:0][1:0][1:0][1:0][1:0][1:0][1:0][1:0][1:0][1:0][1:0][1:0][1:0][1:0][1:0][1:0][1:0][1:0][1:0]</Column>
      <Column>[1:0][4:1][4:1][4:1][4:1][4:1][4:1][4:1][4:1][4:1][4:1][4:1][4:1][4:1][4:1][4:1][4:1][4:1][4:1][4:1][4:1][4:1][4:1][4:1][4:1][4:1][4:1][4:1][4:1][4:1][4:1][4:1][4:1][4:1][4:1][4:1][4:1][4:1][4:1][1:0]</Column>
      <Column>[1:0][4:1][1:0][0:0][0:0][0:0][0:0][0:0][0:0][0:0][0:0][0:0][0:0][0:0][0:0][0:0][0:0][0:0][0:0][0:0][0:0][0:0][0:0][0:0][0:0][0:0][0:0][0:0][0:0][0:0][0:0][0:0][0:0][0:0][0:0][0:0][0:0][0:0][4:1][1:0]</Column>
      <Column>[1:0][4:1][1:0][0:0][0:0][0:0][0:0][0:0][0:0][0:0][0:0][0:0][0:0][0:0][0:0][0:0][0:0][0:0][0:0][0:0][0:0][0:0][0:0][0:0][0:0][0:0][0:0][0:0][0:0][0:0][0:0][0:0][0:0][0:0][0:0][0:0][0:0][0:0][4:1][1:0]</Column>
      <Column>[1:0][4:1][1:0][0:0][0:0][0:0][0:0][0:0][0:0][0:0][0:0][0:0][0:0][0:0][0:0][0:0][0:0][0:0][0:0][0:0][0:0][0:0][0:0][0:0][0:0][0:0][0:0][0:0][0:0][0:0][0:0][0:0][0:0][0:0][0:0][0:0][0:0][0:0][4:1][1:0]</Column>
      <Column>[1:0][4:1][1:0][0:0][0:0][0:0][0:0][0:0][0:0][0:0][0:0][0:0][0:0][0:0][0:0][0:0][0:0][0:0][0:0][0:0][0:0][0:0][0:0][0:0][0:0][0:0][0:0][0:0][0:0][0:0][0:0][0:0][0:0][0:0][0:0][0:0][0:0][0:0][4:1][1:0]</Column>
      <Column>[1:0][4:1][1:0][0:0][0:0][0:0][0:0][0:0][0:0][0:0][0:0][0:0][0:0][0:0][0:0][0:0][0:0][0:0][0:0][0:0][0:0][0:0][0:0][0:0][0:0][0:0][0:0][0:0][0:0][0:0][0:0][0:0][0:0][0:0][0:0][0:0][0:0][0:0][4:1][1:0]</Column>
      <Column>[1:0][4:1][1:0][0:0][0:0][0:0][0:0][0:0][0:0][0:0][0:0][0:0][0:0][0:0][0:0][0:0][0:0][0:0][0:0][0:0][0:0][0:0][0:0][0:0][0:0][0:0][0:0][0:0][0:0][0:0][0:0][0:0][0:0][0:0][0:0][0:0][0:0][0:0][4:1][1:0]</Column>
      <Column>[1:0][4:1][1:0][0:0][0:0][0:0][0:0][0:0][0:0][0:0][0:0][0:0][0:0][0:0][0:0][0:0][0:0][0:0][0:0][0:0][0:0][0:0][0:0][0:0][0:0][0:0][0:0][0:0][0:0][0:0][0:0][0:0][0:0][0:0][0:0][0:0][0:0][0:0][4:1][1:0]</Column>
      <Column>[1:0][4:1][1:0][0:0][0:0][0:0][0:0][0:0][0:0][0:0][0:0][0:0][0:0][0:0][0:0][0:0][0:0][0:0][0:0][0:0][0:0][0:0][0:0][0:0][0:0][0:0][0:0][0:0][0:0][0:0][0:0][0:0][0:0][0:0][0:0][0:0][0:0][0:0][4:1][1:0]</Column>
      <Column>[1:0][4:1][1:0][0:0][0:0][0:0][0:0][0:0][0:0][0:0][0:0][0:0][0:0][0:0][0:0][0:0][0:0][0:0][0:0][0:0][0:0][0:0][0:0][0:0][0:0][0:0][0:0][0:0][0:0][0:0][0:0][0:0][0:0][0:0][0:0][0:0][0:0][0:0][4:1][1:0]</Column>
      <Column>[1:0][4:1][1:0][0:0][0:0][0:0][0:0][0:0][0:0][0:0][0:0][0:0][0:0][0:0][0:0][0:0][0:0][0:0][0:0][0:0][0:0][0:0][0:0][0:0][0:0][0:0][0:0][0:0][0:0][0:0][0:0][0:0][0:0][0:0][0:0][0:0][0:0][0:0][4:1][1:0]</Column>
      <Column>[1:0][4:1][1:0][0:0][0:0][0:0][0:0][0:0][0:0][0:0][0:0][0:0][0:0][0:0][0:0][0:0][0:0][0:0][0:0][0:0][0:0][0:0][0:0][0:0][0:0][0:0][0:0][0:0][0:0][0:0][0:0][0:0][0:0][0:0][0:0][0:0][0:0][0:0][4:1][1:0]</Column>
      <Column>[1:0][4:1][1:0][0:0][0:0][0:0][0:0][0:0][0:0][0:0][0:0][0:0][0:0][0:0][0:0][0:0][0:0][0:0][0:0][0:0][0:0][0:0][0:0][0:0][0:0][0:0][0:0][0:0][0:0][0:0][0:0][0:0][0:0][0:0][0:0][0:0][0:0][0:0][4:1][1:0]</Column>
      <Column>[1:0][4:1][1:0][0:0][0:0][0:0][0:0][0:0][0:0][0:0][0:0][0:0][0:0][0:0][0:0][0:0][0:0][0:0][0:0][0:0][0:0][0:0][0:0][0:0][0:0][0:0][0:0][0:0][0:0][0:0][0:0][0:0][0:0][0:0][0:0][0:0][0:0][0:0][4:1][1:0]</Column>
      <Column>[1:0][4:1][1:0][0:0][0:0][0:0][0:0][0:0][0:0][0:0][0:0][0:0][0:0][0:0][0:0][0:0][0:0][0:0][0:0][0:0][0:0][0:0][0:0][0:0][0:0][0:0][0:0][0:0][0:0][0:0][0:0][0:0][0:0][0:0][0:0][0:0][0:0][0:0][4:1][1:0]</Column>
      <Column>[1:0][4:1][1:0][0:0][0:0][0:0][0:0][0:0][0:0][0:0][0:0][0:0][0:0][0:0][0:0][0:0][0:0][0:0][0:0][0:0][0:0][0:0][0:0][0:0][0:0][0:0][0:0][0:0][0:0][0:0][0:0][0:0][0:0][0:0][0:0][0:0][0:0][0:0][4:1][1:0]</Column>
      <Column>[1:0][4:1][1:0][0:0][0:0][0:0][0:0][0:0][0:0][0:0][0:0][0:0][0:0][0:0][0:0][0:0][0:0][0:0][0:0][0:0][0:0][0:0][0:0][0:0][0:0][0:0][0:0][0:0][0:0][0:0][0:0][0:0][0:0][0:0][0:0][0:0][0:0][0:0][4:1][1:0]</Column>
      <Column>[1:0][4:1][1:0][0:0][0:0][0:0][0:0][0:0][0:0][0:0][0:0][0:0][0:0][0:0][0:0][0:0][0:0][0:0][0:0][0:0][0:0][0:0][0:0][0:0][0:0][0:0][0:0][0:0][0:0][0:0][0:0][0:0][0:0][0:0][0:0][0:0][0:0][0:0][4:1][1:0]</Column>
      <Column>[1:0][4:1][1:0][0:0][0:0][0:0][0:0][0:0][0:0][0:0][0:0][0:0][0:0][0:0][0:0][0:0][0:0][0:0][0:0][0:0][0:0][0:0][0:0][0:0][0:0][0:0][0:0][0:0][0:0][0:0][0:0][0:0][0:0][0:0][0:0][0:0][0:0][0:0][4:1][1:0]</Column>
      <Column>[1:0][4:1][1:0][0:0][0:0][0:0][0:0][0:0][0:0][0:0][0:0][0:0][0:0][0:0][0:0][0:0][0:0][0:0][0:0][0:0][0:0][0:0][0:0][0:0][0:0][0:0][0:0][0:0][0:0][0:0][0:0][0:0][0:0][0:0][0:0][0:0][0:0][0:0][4:1][1:0]</Column>
      <Column>[1:0][4:1][1:0][0:0][0:0][0:0][0:0][0:0][0:0][0:0][0:0][0:0][0:0][0:0][0:0][0:0][0:0][0:0][0:0][0:0][0:0][0:0][0:0][0:0][0:0][0:0][0:0][0:0][0:0][0:0][0:0][0:0][0:0][0:0][0:0][0:0][0:0][0:0][4:1][1:0]</Column>
      <Column>[1:0][4:1][1:0][0:0][0:0][0:0][0:0][0:0][0:0][0:0][0:0][0:0][0:0][0:0][0:0][0:0][0:0][0:0][0:0][0:0][0:0][0:0][0:0][0:0][0:0][0:0][0:0][0:0][0:0][0:0][0:0][0:0][0:0][0:0][0:0][0:0][0:0][0:0][4:1][1:0]</Column>
      <Column>[1:0][4:1][1:0][0:0][0:0][0:0][0:0][0:0][0:0][0:0][0:0][0:0][0:0][0:0][0:0][0:0][0:0][0:0][0:0][0:0][0:0][0:0][0:0][0:0][0:0][0:0][0:0][0:0][0:0][0:0][0:0][0:0][0:0][0:0][0:0][0:0][0:0][0:0][4:1][1:0]</Column>
      <Column>[1:0][4:1][1:0][0:0][0:0][0:0][0:0][0:0][0:0][0:0][0:0][0:0][0:0][0:0][0:0][0:0][0:0][0:0][0:0][0:0][0:0][0:0][0:0][0:0][0:0][0:0][0:0][0:0][0:0][0:0][0:0][0:0][0:0][0:0][0:0][0:0][0:0][0:0][4:1][1:0]</Column>
      <Column>[1:0][4:1][1:0][0:0][0:0][0:0][0:0][0:0][0:0][0:0][0:0][0:0][0:0][0:0][0:0][0:0][0:0][0:0][0:0][0:0][0:0][0:0][0:0][0:0][0:0][0:0][0:0][0:0][0:0][0:0][0:0][0:0][0:0][0:0][0:0][0:0][0:0][0:0][4:1][1:0]</Column>
      <Column>[1:0][4:1][1:0][0:0][0:0][0:0][0:0][0:0][0:0][0:0][0:0][0:0][0:0][0:0][0:0][0:0][0:0][0:0][0:0][0:0][0:0][0:0][0:0][0:0][0:0][0:0][0:0][0:0][0:0][0:0][0:0][0:0][0:0][0:0][0:0][0:0][0:0][0:0][4:1][1:0]</Column>
      <Column>[1:0][4:1][1:0][0:0][0:0][0:0][0:0][0:0][0:0][0:0][0:0][0:0][0:0][0:0][0:0][0:0][0:0][0:0][0:0][0:0][0:0][0:0][0:0][0:0][0:0][0:0][0:0][0:0][0:0][0:0][0:0][0:0][0:0][0:0][0:0][0:0][0:0][0:0][4:1][1:0]</Column>
      <Column>[1:0][4:1][1:0][0:0][0:0][0:0][0:0][0:0][0:0][0:0][0:0][0:0][0:0][0:0][0:0][0:0][0:0][0:0][0:0][0:0][0:0][0:0][0:0][0:0][0:0][0:0][0:0][0:0][0:0][0:0][0:0][0:0][0:0][0:0][0:0][0:0][0:0][0:0][4:1][1:0]</Column>
      <Column>[1:0][4:1][1:0][0:0][0:0][0:0][0:0][0:0][0:0][0:0][4:1][0:0][0:0][0:0][0:0][0:0][0:0][0:0][0:0][0:0][0:0][0:0][0:0][0:0][0:0][0:0][0:0][0:0][0:0][0:0][0:0][0:0][0:0][0:0][0:0][0:0][0:0][0:0][4:1][1:0]</Column>
      <Column>[1:0][4:1][1:0][0:0][0:0][0:0][0:0][0:0][0:0][0:0][0:0][0:0][0:0][0:0][0:0][0:0][0:0][0:0][0:0][0:0][0:0][0:0][0:0][0:0][0:0][0:0][0:0][0:0][0:0][0:0][0:0][0:0][0:0][0:0][0:0][0:0][0:0][0:0][4:1][1:0]</Column>
      <Column>[1:0][4:1][1:0][0:0][0:0][0:0][1:0][0:0][0:0][0:0][0:0][0:0][0:0][0:0][4:1][0:0][0:0][0:0][0:0][0:0][0:0][0:0][0:0][0:0][0:0][0:0][0:0][0:0][0:0][0:0][0:0][0:0][0:0][0:0][0:0][0:0][0:0][0:0][4:1][1:0]</Column>
      <Column>[1:0][4:1][1:0][0:0][0:0][0:0][0:0][0:0][0:0][0:0][0:0][0:0][0:0][0:0][0:0][0:0][0:0][0:0][0:0][0:0][0:0][0:0][0:0][0:0][0:0][0:0][0:0][0:0][0:0][0:0][0:0][0:0][0:0][0:0][0:0][0:0][0:0][0:0][4:1][1:0]</Column>
      <Column>[1:0][4:1][1:0][0:0][0:0][0:0][0:0][0:0][0:0][0:0][0:0][0:0][0:0][0:0][0:0][0:0][0:0][0:0][0:0][0:0][0:0][0:0][0:0][0:0][0:0][0:0][0:0][0:0][0:0][0:0][0:0][0:0][0:0][0:0][0:0][0:0][0:0][0:0][4:1][1:0]</Column>
      <Column>[1:0][4:1][1:0][0:0][0:0][0:0][0:0][0:0][0:0][0:0][1:0][0:0][0:0][0:0][0:0][0:0][0:0][0:0][0:0][0:0][0:0][0:0][0:0][0:0][0:0][0:0][0:0][0:0][0:0][0:0][0:0][0:0][0:0][0:0][0:0][0:0][0:0][0:0][4:1][1:0]</Column>
      <Column>[1:0][4:1][1:0][0:0][0:0][0:0][0:0][0:0][0:0][0:0][0:0][0:0][0:0][0:0][0:0][0:0][0:0][0:0][0:0][0:0][0:0][0:0][0:0][0:0][0:0][0:0][0:0][0:0][0:0][0:0][0:0][0:0][0:0][0:0][0:0][0:0][0:0][0:0][4:1][1:0]</Column>
      <Column>[1:0][4:1][1:0][0:0][0:0][0:0][0:0][0:0][0:0][0:0][0:0][0:0][0:0][0:0][0:0][0:0][0:0][0:0][0:0][0:0][0:0][0:0][0:0][0:0][0:0][0:0][0:0][0:0][0:0][0:0][0:0][0:0][0:0][0:0][0:0][0:0][0:0][0:0][4:1][1:0]</Column>
      <Column>[1:0][4:1][1:0][0:0][0:0][0:0][0:0][0:0][0:0][0:0][0:0][0:0][0:0][0:0][0:0][0:0][0:0][0:0][0:0][0:0][0:0][0:0][0:0][0:0][0:0][0:0][0:0][0:0][0:0][0:0][0:0][0:0][0:0][0:0][0:0][0:0][0:0][0:0][4:1][1:0]</Column>
      <Column>[1:0][4:1][1:0][0:0][0:0][0:0][0:0][0:0][0:0][0:0][0:0][0:0][0:0][0:0][0:0][0:0][0:0][0:0][0:0][0:0][0:0][0:0][0:0][0:0][0:0][0:0][0:0][0:0][0:0][0:0][0:0][0:0][0:0][0:0][0:0][0:0][0:0][0:0][4:1][1:0]</Column>
      <Column>[1:0][4:1][1:0][0:0][0:0][0:0][0:0][0:0][0:0][0:0][0:0][0:0][0:0][0:0][0:0][0:0][0:0][0:0][0:0][0:0][0:0][0:0][0:0][0:0][0:0][0:0][0:0][0:0][0:0][0:0][0:0][0:0][0:0][0:0][0:0][0:0][0:0][0:0][4:1][1:0]</Column>
      <Column>[1:0][4:1][4:1][4:1][4:1][4:1][4:1][4:1][4:1][4:1][4:1][4:1][4:1][4:1][4:1][4:1][4:1][4:1][4:1][4:1][4:1][4:1][4:1][4:1][4:1][4:1][4:1][4:1][4:1][4:1][4:1][4:1][4:1][4:1][4:1][4:1][4:1][4:1][4:1][1:0]</Column>
      <Column>[1:0][1:0][1:0][1:0][1:0][1:0][1:0][1:0][1:0][1:0][1:0][1:0][1:0][1:0][1:0][1:0][1:0][1:0][1:0][1:0][1:0][1:0][1:0][1:0][1:0][1:0][1:0][1:0][1:0][1:0][1:0][1:0][1:0][1:0][1:0][1:0][1:0][1:0][1:0][1:0]</Column>
    </TileMap>
    <ContainsNullTiles>false</ContainsNullTiles>
  </Layer>
  <Collision>
    <Column>[0][0][0][0][0][0][0][0][0][0][0][0][0][0][0][0][0][0][0][0][0][0][0][0][0][0][0][0][0][0][0][0][0][0][0][0][0][0][0][0]</Column>
    <Column>[0][30][30][30][30][30][30][30][30][30][30][30][30][30][30][30][30][30][30][30][30][30][30][30][30][30][30][30][30][30][30][30][30][30][30][30][30][30][30][0]</Column>
    <Column>[0][30][30][30][30][30][30][30][30][30][30][30][30][30][30][30][30][30][30][30][30][30][30][30][30][30][30][30][30][30][30][30][30][30][30][30][30][30][30][0]</Column>
    <Column>[0][30][30][30][30][30][30][30][30][30][30][30][30][30][30][30][30][30][30][30][30][30][30][30][30][30][30][30][30][30][30][30][30][30][30][30][30][30][30][0]</Column>
    <Column>[0][30][30][30][30][30][30][30][30][30][30][30][30][30][30][30][30][30][30][30][30][30][30][30][30][30][30][30][30][30][30][30][30][30][30][30][30][30][30][0]</Column>
    <Column>[0][30][30][30][30][30][30][30][30][30][30][30][30][30][30][30][30][30][30][30][30][30][30][30][30][30][30][30][30][30][30][30][30][30][30][30][30][30][30][0]</Column>
    <Column>[0][30][30][30][30][30][30][30][30][30][30][30][30][30][30][30][30][30][30][30][30][30][30][30][30][30][30][30][30][30][30][30][30][30][30][30][30][30][30][0]</Column>
    <Column>[0][30][30][30][30][30][30][30][30][30][30][30][30][30][30][30][30][30][30][30][30][30][30][30][30][30][30][30][30][30][30][30][30][30][30][30][30][30][30][0]</Column>
    <Column>[0][30][30][30][30][30][30][30][30][30][30][30][30][30][30][30][30][30][30][30][30][30][30][30][30][30][30][30][30][30][30][30][30][30][30][30][30][30][30][0]</Column>
    <Column>[0][30][30][30][30][30][30][30][30][30][30][30][30][30][30][30][30][30][30][30][30][30][30][30][30][30][30][30][30][30][30][30][30][30][30][30][30][30][30][0]</Column>
    <Column>[0][30][30][30][30][30][30][30][30][30][30][30][30][30][30][30][30][30][30][30][30][30][30][30][30][30][30][30][30][30][30][30][30][30][30][30][30][30][30][0]</Column>
    <Column>[0][30][30][30][30][30][30][30][30][30][30][30][30][30][30][30][30][30][30][30][30][30][30][30][30][30][30][30][30][30][30][30][30][30][30][30][30][30][30][0]</Column>
    <Column>[0][30][30][30][30][30][30][30][30][30][30][30][30][30][30][30][30][30][30][30][30][30][30][30][30][30][30][30][30][30][30][30][30][30][30][30][30][30][30][0]</Column>
    <Column>[0][30][30][30][30][30][30][30][30][30][30][30][30][30][30][30][30][30][30][30][30][30][30][30][30][30][30][30][30][30][30][30][30][30][30][30][30][30][30][0]</Column>
    <Column>[0][30][30][30][30][30][30][30][30][30][30][30][30][30][30][30][30][30][30][30][30][30][30][30][30][30][30][30][30][30][30][30][30][30][30][30][30][30][30][0]</Column>
    <Column>[0][30][30][30][30][30][30][30][30][30][30][30][30][30][30][30][30][30][30][30][30][30][30][30][30][30][30][30][30][30][30][30][30][30][30][30][30][30][30][0]</Column>
    <Column>[0][30][30][30][30][30][30][30][30][30][30][30][30][30][30][30][30][30][30][30][30][30][30][30][30][30][30][30][30][30][30][30][30][30][30][30][30][30][30][0]</Column>
    <Column>[0][30][30][30][30][30][30][30][30][30][30][30][30][30][30][30][30][30][30][30][30][30][30][30][30][30][30][30][30][30][30][30][30][30][30][30][30][30][30][0]</Column>
    <Column>[0][30][30][30][30][30][30][30][30][30][30][30][30][30][30][30][30][30][30][30][30][30][30][30][30][30][30][30][30][30][30][30][30][30][30][30][30][30][30][0]</Column>
    <Column>[0][30][30][30][30][30][30][30][30][30][30][30][30][30][30][30][30][30][30][30][30][30][30][30][30][30][30][30][30][30][30][30][30][30][30][30][30][30][30][0]</Column>
    <Column>[0][30][30][30][30][30][30][30][30][30][30][30][30][30][30][30][30][30][30][30][30][30][30][30][30][30][30][30][30][30][30][30][30][30][30][30][30][30][30][0]</Column>
    <Column>[0][30][30][30][30][30][30][30][30][30][30][30][30][30][30][30][30][30][30][30][30][30][30][30][30][30][30][30][30][30][30][30][30][30][30][30][30][30][30][0]</Column>
    <Column>[0][30][30][30][30][30][30][30][30][30][30][30][30][30][30][30][30][30][30][30][30][30][30][30][30][30][30][30][30][30][30][30][30][30][30][30][30][30][30][0]</Column>
    <Column>[0][30][30][30][30][30][30][30][30][30][30][30][30][30][30][30][30][30][30][30][30][30][30][30][30][30][30][30][30][30][30][30][30][30][30][30][30][30][30][0]</Column>
    <Column>[0][30][30][30][30][30][30][30][30][30][30][30][30][30][30][30][30][30][30][30][30][30][30][30][30][30][30][30][30][30][30][30][30][30][30][30][30][30][30][0]</Column>
    <Column>[0][30][30][30][30][30][30][30][30][30][30][30][30][30][30][30][30][30][30][30][30][30][30][30][30][30][30][30][30][30][30][30][30][30][30][30][30][30][30][0]</Column>
    <Column>[0][30][30][30][30][30][30][30][30][30][30][30][30][30][30][30][30][30][30][30][30][30][30][30][30][30][30][30][30][30][30][30][30][30][30][30][30][30][30][0]</Column>
    <Column>[0][30][30][30][30][30][30][30][30][30][30][30][30][30][30][30][30][30][30][30][30][30][30][30][30][30][30][30][30][30][30][30][30][30][30][30][30][30][30][0]</Column>
    <Column>[0][30][30][30][30][30][30][30][30][30][30][30][30][30][30][30][30][30][30][30][30][30][30][30][30][30][30][30][30][30][30][30][30][30][30][30][30][30][30][0]</Column>
    <Column>[0][30][30][30][30][30][30][30][30][30][30][30][30][30][30][30][30][30][30][30][30][30][30][30][30][30][30][30][30][30][30][30][30][30][30][30][30][30][30][0]</Column>
    <Column>[0][30][30][30][30][30][30][30][30][30][30][30][30][30][30][30][30][30][30][30][30][30][30][30][30][30][30][30][30][30][30][30][30][30][30][30][30][30][30][0]</Column>
    <Column>[0][30][30][30][30][30][30][30][30][30][30][30][30][30][30][30][30][30][30][30][30][30][30][30][30][30][30][30][30][30][30][30][30][30][30][30][30][30][30][0]</Column>
    <Column>[0][30][30][30][30][30][30][30][30][30][30][30][30][30][30][30][30][30][30][30][30][30][30][30][30][30][30][30][30][30][30][30][30][30][30][30][30][30][30][0]</Column>
    <Column>[0][30][30][30][30][30][30][30][30][30][30][30][30][30][30][30][30][30][30][30][30][30][30][30][30][30][30][30][30][30][30][30][30][30][30][30][30][30][30][0]</Column>
    <Column>[0][30][30][30][30][30][30][30][30][30][30][30][30][30][30][30][30][30][30][30][30][30][30][30][30][30][30][30][30][30][30][30][30][30][30][30][30][30][30][0]</Column>
    <Column>[0][30][30][30][30][30][30][30][30][30][30][30][30][30][30][30][30][30][30][30][30][30][30][30][30][30][30][30][30][30][30][30][30][30][30][30][30][30][30][0]</Column>
    <Column>[0][30][30][30][30][30][30][30][30][30][30][30][30][30][30][30][30][30][30][30][30][30][30][30][30][30][30][30][30][30][30][30][30][30][30][30][30][30][30][0]</Column>
    <Column>[0][30][30][30][30][30][30][30][30][30][30][30][30][30][30][30][30][30][30][30][30][30][30][30][30][30][30][30][30][30][30][30][30][30][30][30][30][30][30][0]</Column>
    <Column>[0][30][30][30][30][30][30][30][30][30][30][30][30][30][30][30][30][30][30][30][30][30][30][30][30][30][30][30][30][30][30][30][30][30][30][30][30][30][30][0]</Column>
    <Column>[0][30][30][30][30][30][30][30][30][30][30][30][30][30][30][30][30][30][30][30][30][30][30][30][30][30][30][30][30][30][30][30][30][30][30][30][30][30][30][0]</Column>
    <Column>[0][30][30][30][30][30][30][30][30][30][30][30][30][30][30][30][30][30][30][30][30][30][30][30][30][30][30][30][30][30][30][30][30][30][30][30][30][30][30][0]</Column>
    <Column>[0][0][0][0][0][0][0][0][0][0][0][0][0][0][0][0][0][0][0][0][0][0][0][0][0][0][0][0][0][0][0][0][0][0][0][0][0][0][0][0]</Column>
  </Collision>
</Map>